,timestamp,trans_error,trans_error_gt
0,1.5205318323020434e+18,0.010525853157841767,0.0060862785031219726
1,1.5205318323520435e+18,0.012384075462771047,0.007807700867464924
2,1.5205318324020434e+18,0.011827039773494767,0.007274821736597066
3,1.5205318324520425e+18,0.0119113955683124,0.00771224187850532
4,1.5205318325020426e+18,0.010566692436188886,0.006287952056050092
5,1.5205318325520435e+18,0.010275763898886932,0.006130293058657281
6,1.5205318326020434e+18,0.00947436650052919,0.005154678519115927
7,1.5205318326520435e+18,0.010240839541935044,0.005784225043159567
8,1.5205318327020426e+18,0.009558723511136489,0.0068009799769435395
9,1.5205318327520425e+18,0.007951626944381089,0.00533767472064367
10,1.5205318328020434e+18,0.009910929220541329,0.005710139625271031
11,1.5205318328520435e+18,0.009587519481240108,0.006691509964826192
12,1.5205318329020434e+18,0.010679071196276304,0.007421304929716795
13,1.5205318329520425e+18,0.011210875046662974,0.0073466382665702155
14,1.5205318330020426e+18,0.010818490650370214,0.00765435156866561
15,1.5205318330520435e+18,0.009390614076957949,0.005301756651157159
16,1.5205318331020434e+18,0.0067922393216981874,0.0026608256922419954
17,1.5205318331520435e+18,0.006786921266799039,0.0030763901217273092
18,1.5205318332020426e+18,0.006566768319600194,0.0031745075796544486
19,1.5205318332520425e+18,0.0072054391506777915,0.0033777494453624195
20,1.5205318333020434e+18,0.010518726843192036,0.006945608341813669
21,1.5205318333520435e+18,0.011011298826856983,0.008844269650646476
22,1.5205318334020434e+18,0.009292595374963386,0.007121857772651231
23,1.5205318334520425e+18,0.008082645754452084,0.006245274899884082
24,1.5205318335020426e+18,0.009080971240839043,0.005676944172982392
25,1.5205318335520435e+18,0.011086543406759285,0.007645861981991483
26,1.5205318336020434e+18,0.011376953455016579,0.007735265335853134
27,1.5205318336520435e+18,0.010274490246406079,0.006313779796212351
28,1.5205318337020426e+18,0.011248174939551995,0.007596131200061938
29,1.5205318337520425e+18,0.012724682470510073,0.008597085669379062
30,1.5205318338020434e+18,0.012616474657992914,0.008578669456606233
31,1.5205318338520435e+18,0.011218026515607602,0.0076610243386993964
32,1.5205318339020434e+18,0.016284554738291174,0.011787090390833442
33,1.5205318339520425e+18,0.014638825762308539,0.010079042266931118
34,1.5205318340020426e+18,0.014046165772511946,0.00965429785241085
35,1.5205318340520435e+18,0.014969748544349194,0.01049335063828865
36,1.5205318341020434e+18,0.0112934373082828,0.007633014778307464
37,1.5205318341520435e+18,0.01292263806560984,0.008484353303898242
38,1.5205318342020426e+18,0.011062118505110042,0.006496575473843137
39,1.5205318342520425e+18,0.011722039598364643,0.007218314930928158
40,1.5205318343020434e+18,0.010906406991258907,0.006401276443995025
41,1.5205318343520435e+18,0.011509133275135667,0.008333348446210488
42,1.5205318344020434e+18,0.011098434089963851,0.007384782931618452
43,1.5205318344520425e+18,0.013309196262509268,0.00955254705551324
44,1.5205318345020426e+18,0.011689569707853278,0.007980839184170467
45,1.5205318345520435e+18,0.01264935437885812,0.008749027502477321
46,1.5205318346020434e+18,0.011429000002175805,0.008273738051679715
47,1.5205318346520435e+18,0.012104956295289305,0.008606941359808497
48,1.5205318347020426e+18,0.014102906965146251,0.010424701739824176
49,1.5205318347520425e+18,0.014179296101142732,0.010199044544885516
50,1.5205318348020434e+18,0.013931686596031117,0.009926129279669283
51,1.5205318348520435e+18,0.014410827724893036,0.010110149700330999
52,1.5205318349020434e+18,0.012773834712788694,0.009057795828986127
53,1.5205318349520425e+18,0.013126078146484695,0.009034573858327975
54,1.5205318350020426e+18,0.013679817324422508,0.009193849747233461
55,1.5205318350520435e+18,0.014350581053692671,0.009454999423937826
56,1.5205318351020434e+18,0.014963306603020853,0.009623186391992045
57,1.5205318351520435e+18,0.015914630159954965,0.010170952373600392
58,1.5205318352020426e+18,0.016914945153568665,0.010732648694803547
59,1.5205318352520425e+18,0.017071050990046435,0.010400354120502634
60,1.5205318353020434e+18,0.01777905740764134,0.010644935995468051
61,1.5205318353520435e+18,0.017348519101105457,0.009495323144563328
62,1.5205318354020434e+18,0.01784357786335354,0.009324589828725804
63,1.5205318354520425e+18,0.017763001254908074,0.008602655973455617
64,1.5205318355020426e+18,0.017730677841552765,0.007960972198582569
65,1.5205318355520435e+18,0.01766495907890383,0.007511679307328783
66,1.5205318356020434e+18,0.017568132558892537,0.0066836853022919415
67,1.5205318356520435e+18,0.017545747175616567,0.006288783273390902
68,1.5205318357020426e+18,0.017560477469805737,0.005996425219892076
69,1.5205318357520425e+18,0.01654194241162025,0.004383162843935682
70,1.5205318358020434e+18,0.016688080153126,0.004337730945475076
71,1.5205318358520435e+18,0.01683491468724467,0.004248288404241331
72,1.5205318359020434e+18,0.01719083606587234,0.004533924048225152
73,1.5205318359520425e+18,0.017266753888645073,0.004617348374709668
74,1.5205318360020426e+18,0.01787493062221922,0.004781829182097272
75,1.5205318360520435e+18,0.01810282205258287,0.005040181380213777
76,1.5205318360937096e+18,0.017666639312066097,0.00907005627614343
77,1.5205318361520435e+18,0.018648633282450207,0.00686521945575808
78,1.5205318362020426e+18,0.017975584334035982,0.007606932505446259
79,1.5205318362520425e+18,0.018469404368120522,0.008397926772499016
80,1.5205318363020434e+18,0.019083431879167712,0.009207322541456564
81,1.5205318363520435e+18,0.019458363276028862,0.009738941570759968
82,1.5205318364020434e+18,0.02096118292821851,0.0096962300288114
83,1.5205318364520425e+18,0.019598465438727786,0.010250526210000678
84,1.5205318365020426e+18,0.0199999552712775,0.009431278453807208
85,1.5205318365520435e+18,0.018854737684806396,0.008462975049440097
86,1.5205318366020434e+18,0.016733779066208786,0.007588912462943319
87,1.5205318366520435e+18,0.015417468836420175,0.0064090108847642
88,1.5205318367020426e+18,0.013420494482501521,0.005761972325044965
89,1.5205318367520425e+18,0.012097994276035189,0.0056819496354580425
90,1.5205318368020434e+18,0.010940864433342253,0.005665627559638195
91,1.5205318368520435e+18,0.011323025117540488,0.0039830709112336805
92,1.5205318369020434e+18,0.009251973799345043,0.00295464562457695
93,1.5205318369520425e+18,0.009223710085882963,0.0026651874485706874
94,1.5205318370020426e+18,0.009045647847994717,0.003663656885173876
95,1.5205318370520435e+18,0.00893528290285067,0.004111453519564287
96,1.5205318371020434e+18,0.009452319625553466,0.004380700651037653
97,1.5205318371520435e+18,0.00937620083282724,0.00408266637608678
98,1.5205318372020426e+18,0.009481944948132011,0.0066500800035366615
99,1.5205318372520425e+18,0.009655177275512362,0.006111977945350687
100,1.5205318373020434e+18,0.009785261134656118,0.004085202486622865
101,1.5205318373520435e+18,0.00728459950284076,0.003807011128526762
102,1.5205318374020434e+18,0.007128338650010412,0.0034156248712690408
103,1.5205318374520425e+18,0.004240769893147148,0.0007472793667009
104,1.5205318375020426e+18,0.004020214103505143,0.0016393609351195357
105,1.5205318375520435e+18,0.0038464530038709354,0.00245476329656385
106,1.5205318376020434e+18,0.005029160749458995,0.0031472616358786906
107,1.5205318376520435e+18,0.005892561910965842,0.004100703307407815
108,1.5205318377020426e+18,0.006505457689733706,0.004896719016346199
109,1.5205318377520425e+18,0.00878196504327576,0.006714159978183882
110,1.5205318378020434e+18,0.008233556957817707,0.007120641681324357
111,1.5205318378520435e+18,0.0075846454046015095,0.005461938158032916
112,1.5205318379020434e+18,0.007333103114194965,0.005035395259308814
113,1.5205318379520425e+18,0.007099471337812708,0.004596061376303201
114,1.5205318380020426e+18,0.006780468776874754,0.0051233382014931345
115,1.5205318380520435e+18,0.006628706142539277,0.005284232689813388
116,1.5205318381020434e+18,0.006547949189044438,0.005557688333956535
117,1.5205318381520435e+18,0.006358558079211707,0.005813463377155666
118,1.5205318382020426e+18,0.006306729717616473,0.006619446012983044
119,1.5205318382520425e+18,0.007462154298467621,0.0050302487395322264
120,1.5205318383020434e+18,0.00661588441191025,0.0049800070517847595
121,1.5205318383520435e+18,0.006386532433540868,0.006297836374015439
122,1.5205318384020434e+18,0.005793387343824606,0.006531648493629206
123,1.5205318384520425e+18,0.00484366252980339,0.007647196748505599
124,1.5205318385020426e+18,0.004380736178267641,0.008879322269443038
125,1.5205318385520435e+18,0.003935634251098411,0.00996241311050657
126,1.5205318386020434e+18,0.003955560419121546,0.01085354642670209
127,1.5205318386520435e+18,0.003826559770962739,0.010969528423268057
128,1.5205318387020426e+18,0.003893950025480479,0.011185283957577756
129,1.5205318387520425e+18,0.0038233634210510883,0.011178784013195232
130,1.5205318388020434e+18,0.0019613101021593127,0.010230903316525831
131,1.5205318388520435e+18,0.002173498522127411,0.010197737472059874
132,1.5205318389020434e+18,0.002872890322431763,0.01095901330666603
133,1.5205318389520425e+18,0.0036469909706052885,0.011654856216511661
134,1.5205318390020426e+18,0.0040209445773632,0.01178890899796872
135,1.5205318390520435e+18,0.004560807387912251,0.011970453549461175
136,1.5205318391020434e+18,0.005058039712760381,0.01222145925831556
137,1.5205318391520435e+18,0.0055336829439327105,0.012483061102288202
138,1.5205318392020426e+18,0.005796053350291053,0.0123657325554479
139,1.5205318392520425e+18,0.006270725909426587,0.01275615619938853
140,1.5205318393020434e+18,0.004079838152052465,0.011669650223093336
141,1.5205318393520435e+18,0.004314276683493292,0.011891087138210792
142,1.5205318394020434e+18,0.004776013016044963,0.011760556310249488
143,1.5205318394520425e+18,0.00549430962409275,0.012025766777374288
144,1.5205318395020426e+18,0.006560804813044905,0.01258347743868303
145,1.5205318395520435e+18,0.007775718652634015,0.013235271855202707
146,1.5205318396020434e+18,0.008992256396310332,0.01393583122030482
147,1.5205318396520435e+18,0.009263389367888975,0.013677864270218448
148,1.5205318397020426e+18,0.009791299862032355,0.013749069033971712
149,1.5205318397520425e+18,0.010210655809586727,0.013720399388897353
150,1.5205318398020434e+18,0.011203395422235583,0.014411408520629635
151,1.5205318398520435e+18,0.011316072722219149,0.01387207443151684
152,1.5205318399020434e+18,0.01134794336303131,0.012985846261688173
153,1.5205318399520425e+18,0.011069943584242686,0.011964964165096037
154,1.5205318400020426e+18,0.01084098381556897,0.011063802656770873
155,1.5205318400520435e+18,0.010658721488813264,0.010275562480060391
156,1.5205318401020434e+18,0.01071068583422169,0.009788590090841275
157,1.5205318401520435e+18,0.010416988884815478,0.00897967743069875
158,1.5205318402020426e+18,0.010277469463553512,0.008359148596068965
159,1.5205318402520425e+18,0.010050755284456477,0.007646094662293381
160,1.5205318403020434e+18,0.010043920911139533,0.007183942279702355
161,1.5205318403520435e+18,0.010652373980104076,0.007932857147035276
162,1.5205318404020434e+18,0.010130772336469158,0.007174275736773904
163,1.5205318404520425e+18,0.011488604369772124,0.008097644853428027
164,1.5205318405020426e+18,0.011824614664177804,0.00812160789341924
165,1.5205318405520435e+18,0.010864697437073228,0.006694934267967255
166,1.5205318406020434e+18,0.010748414053197658,0.006123074647193039
167,1.5205318406520435e+18,0.010979566906920169,0.0056598342973444744
168,1.5205318407020426e+18,0.010675476195604681,0.004854785804581624
169,1.5205318407520425e+18,0.014764715397601623,0.008445649181602457
170,1.5205318408020434e+18,0.014779093947177522,0.007801861109449028
171,1.5205318408520435e+18,0.01506598179281418,0.007370629841539745
172,1.5205318409020434e+18,0.015488018413431379,0.007258732925444681
173,1.5205318409520425e+18,0.01592399188534198,0.007348574094535689
174,1.5205318410020426e+18,0.016294850306625766,0.0074679315068046336
175,1.5205318410520435e+18,0.0188604548657153,0.009345045935293466
176,1.5205318411020434e+18,0.019459707480489898,0.009723471500626758
177,1.5205318411520435e+18,0.019029451801733637,0.008769195758520313
178,1.5205318412020426e+18,0.018728541054823394,0.008436714383397657
179,1.5205318412520425e+18,0.02063479250014283,0.010742051373387839
180,1.5205318413020434e+18,0.01866973260654611,0.009303328711456813
181,1.5205318413520435e+18,0.019195002152089198,0.009774704351024966
182,1.5205318414020434e+18,0.021494450267129525,0.010864185795125457
183,1.5205318414520425e+18,0.021415860142021008,0.010478046278292514
184,1.5205318415020426e+18,0.021630376840782617,0.010723698423724306
185,1.5205318415520435e+18,0.021077676495451694,0.010647885969716593
186,1.5205318416020434e+18,0.020684745240416354,0.010436871062330174
187,1.5205318416520435e+18,0.020607775110937202,0.01034334977429324
188,1.5205318417020426e+18,0.019446462353567447,0.009928245219264496
189,1.5205318417520425e+18,0.020728411464322707,0.010326516778924495
190,1.5205318418020434e+18,0.019694607767207887,0.00988814019802175
191,1.5205318418520435e+18,0.018509689223988927,0.009301666113865664
192,1.5205318419020434e+18,0.017479366760523432,0.009168423887365336
193,1.5205318419520425e+18,0.016977325899517604,0.008681248827205513
194,1.5205318420020426e+18,0.015986617863272615,0.008514201204638673
195,1.5205318420520435e+18,0.008278270067675562,0.009639747974236158
196,1.5205318421020434e+18,0.015162946797702156,0.00801949176735628
197,1.5205318421520435e+18,0.007249257664870075,0.009130003664889681
198,1.5205318422020426e+18,0.0071016982168627535,0.009018871036046955
199,1.5205318422520425e+18,0.0069531337648444025,0.007986497787612516
200,1.5205318423020434e+18,0.011235326539872961,0.0070112988403018975
201,1.5205318423520435e+18,0.010587755809137548,0.006060586027592481
202,1.5205318424020434e+18,0.011073498596217547,0.006140010413597504
203,1.5205318424520425e+18,0.010161827387391648,0.005494543758775777
204,1.5205318425020426e+18,0.010492822517274573,0.00467956691862121
205,1.5205318425520435e+18,0.010575659232845468,0.004419929733532341
206,1.5205318426020434e+18,0.010994966515862941,0.004861498214213623
207,1.5205318426520435e+18,0.01165058498015435,0.006256399831885766
208,1.5205318427020426e+18,0.008029733150647545,0.004911587632752614
209,1.5205318427520425e+18,0.008008440382427446,0.004208375410463955
210,1.5205318428020434e+18,0.009134562276874982,0.005819066525803183
211,1.5205318428520435e+18,0.009808808560430305,0.006980384221571453
212,1.5205318429020434e+18,0.009500764304510368,0.006850906153678571
213,1.5205318429520425e+18,0.010799152265724499,0.008721456669950835
214,1.5205318430020426e+18,0.012377082379992278,0.01059826829051505
215,1.5205318430520435e+18,0.011537857207771382,0.009105027592562872
216,1.5205318431020434e+18,0.012648787422271896,0.010421878523375065
217,1.5205318431520435e+18,0.01353631399018189,0.011574833007690811
218,1.5205318432020426e+18,0.014610222810422475,0.012704848855082529
219,1.5205318432520425e+18,0.015358686491196082,0.013455296673977333
220,1.5205318433020434e+18,0.016886037242284765,0.014874277278556208
221,1.5205318433520435e+18,0.020684241608265923,0.01930866924481783
222,1.5205318434020434e+18,0.02173056645547241,0.019968568007240377
223,1.5205318434520425e+18,0.0212693336045201,0.01916422985941476
224,1.5205318435020426e+18,0.020521595566447497,0.017952509204375956
225,1.5205318435520435e+18,0.024084709468415955,0.021357429036218567
226,1.5205318436020434e+18,0.016349104636559374,0.01203616447126821
227,1.5205318436520435e+18,0.014880666759853195,0.00999385579695018
228,1.5205318437020426e+18,0.01741915891507693,0.011547357469703104
229,1.5205318437520425e+18,0.018103003346625773,0.011533327229071974
230,1.5205318438020434e+18,0.01800479889366778,0.010499775562597199
231,1.5205318438520435e+18,0.017355022159482838,0.008984302952101491
232,1.5205318439020434e+18,0.016813669075875445,0.0075871032827338515
233,1.5205318439520425e+18,0.01597102854725018,0.006079172004440788
234,1.5205318440020426e+18,0.0167737312572135,0.006584739352787791
235,1.5205318440520435e+18,0.016900702314052867,0.006969774401330057
236,1.5205318441020434e+18,0.01585680678951461,0.005660801217948754
237,1.5205318441520435e+18,0.015432438572420373,0.004937016774865121
238,1.5205318442020426e+18,0.01550380572263288,0.00561518978622895
239,1.5205318442520425e+18,0.015539172430586761,0.0062785026517907065
240,1.5205318443020434e+18,0.016021146264434395,0.007811360947157549
241,1.5205318443520435e+18,0.014296246771198477,0.007229287117317637
242,1.5205318444020434e+18,0.014775893526125366,0.008981277566632096
243,1.5205318444520425e+18,0.014283015565416059,0.008953933217903082
244,1.5205318445020426e+18,0.014988021434196055,0.010763497666754706
245,1.5205318445520435e+18,0.014015118934295764,0.009914797978507197
246,1.5205318446020434e+18,0.015167645244184663,0.01171748317049087
247,1.5205318446520435e+18,0.013915330282798403,0.01033949035226958
248,1.5205318447020426e+18,0.015284473150324766,0.011259747613439456
249,1.5205318447520425e+18,0.014962131178835035,0.010571087600183163
250,1.5205318448020434e+18,0.012764579167299256,0.01086701899682453
251,1.5205318448520435e+18,0.012340607759179046,0.00965267772810139
252,1.5205318449020434e+18,0.011614593301633593,0.008186480063218905
253,1.5205318449520425e+18,0.01113250721009949,0.006874012836343729
254,1.5205318450020426e+18,0.01263807298651746,0.006595650311862711
255,1.5205318450520435e+18,0.009887281102356552,0.004127344093865853
256,1.5205318451020434e+18,0.00772429782064131,0.0016990304485218336
257,1.5205318451520435e+18,0.007278023148171584,0.002715339558735208
258,1.5205318452020426e+18,0.006867744954887773,0.004668397635884582
259,1.5205318452520425e+18,0.00739383625018006,0.006770797805582976
260,1.5205318453020434e+18,0.01082223764261915,0.004455151037305118
261,1.5205318453520435e+18,0.009884299338283485,0.0032867678425996597
262,1.5205318454020434e+18,0.009577707012077993,0.003194892519112613
263,1.5205318454520425e+18,0.009348546964401076,0.003200334411397795
264,1.5205318455020426e+18,0.00952097917066695,0.00408884974878589
265,1.5205318455520435e+18,0.009327686562719985,0.004340423202158308
266,1.5205318456020434e+18,0.008849589585566876,0.004020258903464009
267,1.5205318456520435e+18,0.008482460341541051,0.0036414899925844516
268,1.5205318457020426e+18,0.008784961946672231,0.0033144254455262584
269,1.5205318457520425e+18,0.00881450593834264,0.002293902001618477
270,1.5205318458020434e+18,0.009152385196432578,0.004353182668148724
271,1.5205318458520435e+18,0.009286223295725312,0.0034425106111137978
272,1.5205318459020434e+18,0.009230115654417398,0.0029385460568260983
273,1.5205318459520425e+18,0.008977947406122169,0.0022008951266071033
274,1.5205318460020426e+18,0.008753821143887957,0.0015054819862238696
275,1.5205318460520435e+18,0.008060862160595856,0.0021795744211948746
276,1.5205318461020434e+18,0.00750490900076327,0.003212142855979307
277,1.5205318461520435e+18,0.007154558189946866,0.003945874307021312
278,1.5205318462020426e+18,0.006464926125709027,0.0048079498114274154
279,1.5205318462520425e+18,0.006319192745630292,0.0054219278570651255
280,1.5205318463020434e+18,0.0058616851557092495,0.005736393552038661
281,1.5205318463520435e+18,0.002485759483516385,0.008056155815306987
282,1.5205318464020434e+18,0.0032495146459610093,0.007602225076536797
283,1.5205318464520425e+18,0.002528402724805132,0.00656473973380666
284,1.5205318465020426e+18,0.0026813511251753074,0.006110823978923259
285,1.5205318465520435e+18,0.003019002739383639,0.005506948636939799
286,1.5205318466020434e+18,0.004130517277595368,0.0048824584094431115
287,1.5205318466520435e+18,0.005179723413757606,0.004736419198484042
288,1.5205318467020426e+18,0.009299979565443418,0.0044184646766411125
289,1.5205318467520425e+18,0.009822305589697114,0.005240824223933415
290,1.5205318468020434e+18,0.006689404230523686,0.009197584694260248
291,1.5205318468520435e+18,0.008353918174453705,0.009704729294397623
292,1.5205318469020434e+18,0.010059250180914608,0.01073527647557529
293,1.5205318469520425e+18,0.012185518444890058,0.01037418550464007
294,1.5205318470020426e+18,0.01349194201102817,0.010984007051242452
295,1.5205318470520435e+18,0.014009722610961738,0.011229069660297101
296,1.5205318471020434e+18,0.018253341957717575,0.01486797472263047
297,1.5205318471520435e+18,0.016820647913092932,0.013363445154957404
298,1.5205318472020426e+18,0.01492823763250715,0.011433964430289706
299,1.5205318472520425e+18,0.012587575567662412,0.009049672599876447
300,1.5205318473020434e+18,0.008935762276073605,0.008317782421899502
301,1.5205318473520435e+18,0.009531348177347137,0.009631590385690844
302,1.5205318474020434e+18,0.010628088113953583,0.011126418664516847
303,1.5205318474520425e+18,0.010265211882245455,0.009493339236716197
304,1.5205318475020426e+18,0.010429544263477326,0.009916903794343956
305,1.5205318475520435e+18,0.010382055129943335,0.009886092075966838
306,1.5205318476020434e+18,0.010835502559927889,0.010486797943309588
307,1.5205318476520435e+18,0.01074618317933534,0.010326479713106556
308,1.5205318477020426e+18,0.01054337653747113,0.009379606513935077
309,1.5205318477520425e+18,0.013403600150364394,0.008545621370046894
310,1.5205318478020434e+18,0.014196219056180053,0.008239780094700217
311,1.5205318478520435e+18,0.011948067927917345,0.007067741963630572
312,1.5205318479020434e+18,0.01275740085906078,0.006112779540149043
313,1.5205318479520425e+18,0.013262758290666317,0.0049811637545866495
314,1.5205318480020426e+18,0.014318425684289057,0.005103685134322727
315,1.5205318480520435e+18,0.015951457933677263,0.006288100886216553
316,1.5205318481020434e+18,0.013880362255071938,0.004058617525416085
317,1.5205318481520435e+18,0.014729567009565885,0.004737116346671922
318,1.5205318482020426e+18,0.015413060656155126,0.005527391367271951
319,1.5205318482520425e+18,0.02392800279607228,0.0132642817397676
320,1.5205318483020434e+18,0.02505400335657412,0.0140201670884182
321,1.5205318483520435e+18,0.01758186229813701,0.006397105062144645
322,1.5205318484020434e+18,0.017832230808951934,0.006560874586654447
323,1.5205318484520425e+18,0.019771620465705443,0.009088570888301372
324,1.5205318485020426e+18,0.02072062060146597,0.00970853294719353
325,1.5205318485520435e+18,0.02118356266265341,0.010078411517049515
326,1.5205318486020434e+18,0.020841349368983887,0.00911378005585351
327,1.5205318486520435e+18,0.020788176621681802,0.009042516918232605
328,1.5205318487020426e+18,0.021131453098236917,0.00946289889955499
329,1.5205318487520425e+18,0.020189818205438536,0.008388540725804717
330,1.5205318488020434e+18,0.019824045767310276,0.008023131170589276
331,1.5205318488520435e+18,0.01860574316401248,0.007110294258383402
332,1.5205318489020434e+18,0.016822958498073567,0.0059913515620740945
333,1.5205318489520425e+18,0.014763837339008554,0.004747996790508474
334,1.5205318490020426e+18,0.013034683006695452,0.004104880733099116
335,1.5205318490520435e+18,0.011228816631319449,0.004129017436575235
336,1.5205318491020434e+18,0.010315884697231196,0.005139055450109222
337,1.5205318491520435e+18,0.011920542499417805,0.004846578044708658
338,1.5205318492020426e+18,0.011465256225800413,0.005322858232159913
339,1.5205318492520425e+18,0.010706109984805035,0.0055322394529274425
340,1.5205318493020434e+18,0.012232934097051918,0.012801505297186716
341,1.5205318493520435e+18,0.013148087356975076,0.011771694905105858
342,1.5205318494020434e+18,0.013239699141089111,0.01320519332191437
343,1.5205318494520425e+18,0.01191414714503711,0.010613878968707014
344,1.5205318495020426e+18,0.010574319037038432,0.008374427974872792
345,1.5205318495520435e+18,0.010023382276904639,0.006341763330074126
346,1.5205318496020434e+18,0.009735188690639327,0.004602116294435341
347,1.5205318496520435e+18,0.00827686963881768,0.004976772429277999
348,1.5205318497020426e+18,0.007478474900179406,0.003123838635614032
349,1.5205318497520425e+18,0.008738657033737763,0.0046754456599403076
350,1.5205318498020434e+18,0.01031313035633038,0.0062623937148805825
351,1.5205318498520435e+18,0.0155037554150472,0.012209578506256915
352,1.5205318499020434e+18,0.012484936231987352,0.009536918406552812
353,1.5205318499520425e+18,0.017178479418547988,0.014829237182593111
354,1.5205318500020426e+18,0.017226010424323042,0.0152178048013299
355,1.5205318500520435e+18,0.016851172233867645,0.015116513777578224
356,1.5205318501020434e+18,0.010509387013866478,0.00906331801585314
357,1.5205318501520435e+18,0.00981509658065338,0.007863225481934341
358,1.5205318502020426e+18,0.0076976016492945965,0.005863207287694463
359,1.5205318502520425e+18,0.008363733361969779,0.006642051713637105
360,1.5205318503020434e+18,0.007706488627282392,0.005884146529004917
361,1.5205318503520435e+18,0.006564440735234337,0.004325193105042448
362,1.5205318504020434e+18,0.0058162482507984675,0.003160490252523148
363,1.5205318504520425e+18,0.006415043015832483,0.00314818291957102
364,1.5205318505020426e+18,0.007618161409050545,0.004069123312349208
365,1.5205318505520435e+18,0.008880115062000147,0.005158762688474548
366,1.5205318506020434e+18,0.009802681802692228,0.005778374066363164
367,1.5205318506520435e+18,0.01077051941538094,0.0063080285696530385
368,1.5205318507020426e+18,0.008739737873377836,0.003544108507350157
369,1.5205318507520425e+18,0.008628207205838866,0.0031906798519890944
370,1.5205318508020434e+18,0.01090400225656955,0.004547301115515539
371,1.5205318508520435e+18,0.011800099591154451,0.0049990184568558345
372,1.5205318509020434e+18,0.011969630093762269,0.004936861355806552
373,1.5205318509520425e+18,0.011602182212410753,0.004549802575884012
374,1.5205318510020426e+18,0.011142391870653872,0.004856552494952573
375,1.5205318510520435e+18,0.010492011439072253,0.005826144112476463
376,1.5205318511020434e+18,0.016138522496601256,0.010903583478097655
377,1.5205318511520435e+18,0.015716272214554395,0.011306933500790062
378,1.5205318512020426e+18,0.014760193740685459,0.01079185323816792
379,1.5205318512520425e+18,0.014487549344892096,0.011427134214417546
380,1.5205318513020434e+18,0.014350476461723752,0.012208844272921997
381,1.5205318513520435e+18,0.014415253446530952,0.01300745485714771
382,1.5205318514020434e+18,0.014546642022191178,0.013553527529393422
383,1.5205318514520425e+18,0.015290464290479129,0.014184743117933806
384,1.5205318515020426e+18,0.015345586331787568,0.01708591875618634
385,1.5205318515520435e+18,0.015591502113307943,0.01661885064644707
386,1.5205318516020434e+18,0.01608181354708927,0.01623216428212695
387,1.5205318516520435e+18,0.013768005523019485,0.012151474369503873
388,1.5205318517020426e+18,0.013830774358630438,0.011349354548800945
389,1.5205318517520425e+18,0.014291213173500909,0.010610075004806442
390,1.5205318518020434e+18,0.01743492794359828,0.012787679983808859
391,1.5205318518520435e+18,0.019431468837362256,0.013465655025095672
392,1.5205318519020434e+18,0.023156159645234212,0.016552349610946288
393,1.5205318519520425e+18,0.02174078352090533,0.014314856001210706
394,1.5205318520020426e+18,0.021992730317106513,0.014083117435824168
395,1.5205318520520435e+18,0.019344976184018578,0.011188990828581106
396,1.5205318521020434e+18,0.018527985060254198,0.011329454093087292
397,1.5205318521520435e+18,0.0181312567854205,0.010894779255837032
398,1.5205318522020426e+18,0.01991573866211072,0.012803408344742048
399,1.5205318522520425e+18,0.020525727831677828,0.013969548841758763
400,1.5205318523020434e+18,0.020248158917063667,0.013986525887397235
401,1.5205318523520435e+18,0.018272608310770353,0.01089691634770371
402,1.5205318524020434e+18,0.01772663057075158,0.010475398865540188
403,1.5205318524520425e+18,0.018244796933173615,0.011787372075768415
404,1.5205318525020426e+18,0.017679696240750855,0.011155908155593473
405,1.5205318525520435e+18,0.015519973499931707,0.009858359985257824
406,1.5205318526020434e+18,0.016360637968957144,0.010573330360548057
407,1.5205318526520435e+18,0.015420833420549443,0.009514493656531425
408,1.5205318527020426e+18,0.014501331007075248,0.0075895874707702675
409,1.5205318527520425e+18,0.011699620349897449,0.0071367292247174205
410,1.5205318528020434e+18,0.01394496831775062,0.011652351605286524
411,1.5205318528520435e+18,0.015369875742400384,0.011399822140682421
412,1.5205318529020434e+18,0.008403962961400386,0.005195013327438232
413,1.5205318529520425e+18,0.0074333158530247335,0.004254000154993958
414,1.5205318530020426e+18,0.006353956009873792,0.003438240960097071
415,1.5205318530520435e+18,0.006369657006655595,0.0034557507358552717
416,1.5205318531020434e+18,0.005999291487578835,0.0034428738007510158
417,1.5205318531520435e+18,0.005471628663893892,0.0033990404125938934
418,1.5205318532020426e+18,0.006082288346831047,0.0017512439855641784
419,1.5205318532520425e+18,0.00591876051132956,0.002544071978497464
420,1.5205318533020434e+18,0.006045620975501538,0.0033631093019360465
421,1.5205318533520435e+18,0.0059650309480430794,0.003743977216177671
422,1.5205318534020434e+18,0.005982947404470581,0.004288010096712689
423,1.5205318534520425e+18,0.006492766760029707,0.0031187210151709575
424,1.5205318535020426e+18,0.006124025066783747,0.0028004077478388715
425,1.5205318535520435e+18,0.004708309232332404,0.002875947513245499
426,1.5205318536020434e+18,0.003968251920524676,0.003779201841651717
427,1.5205318536520435e+18,0.0034262512425923563,0.00429409739372228
428,1.5205318537020426e+18,0.0031226574002598795,0.004837220447718432
429,1.5205318537520425e+18,0.0023130871456397807,0.0054237992154379305
430,1.5205318538020434e+18,0.006607706499754637,0.003862060875245506
431,1.5205318538520435e+18,0.00656293226726696,0.004130526219577339
432,1.5205318539020434e+18,0.0053326023686101065,0.004220703919501342
433,1.5205318539520425e+18,0.005191446551816283,0.004187581258896798
434,1.5205318540020426e+18,0.005080759212229313,0.0039427297992192046
435,1.5205318540520435e+18,0.005384708680087242,0.003798635304849849
436,1.5205318541020434e+18,0.005613673025920182,0.003776341910795176
437,1.5205318541520435e+18,0.0064470369936422516,0.0033154280413216003
438,1.5205318542020426e+18,0.007646212716563697,0.0025556058971911624
439,1.5205318542520425e+18,0.0089995437362169,0.0018326633329042805
440,1.5205318543020434e+18,0.011136822317299988,0.0017244349582125767
441,1.5205318543520435e+18,0.01176028061636406,0.003711090006667347
442,1.5205318544020434e+18,0.013059567530705873,0.003951409695726963
443,1.5205318544520425e+18,0.01377501803225659,0.002297367396684034
444,1.5205318545020426e+18,0.014370648361922166,0.0018733900712925376
445,1.5205318545520435e+18,0.01552519100810237,0.002008526357665693
446,1.5205318546020434e+18,0.01660570208034624,0.0025198236152111407
447,1.5205318546520435e+18,0.017490372695161856,0.0029301462247307954
448,1.5205318547020426e+18,0.018406090048855475,0.0032916489161001223
449,1.5205318547520425e+18,0.019347659831707876,0.0036803009732102776
450,1.5205318548020434e+18,0.01969227706401414,0.003356278847088231
451,1.5205318548520435e+18,0.017573302519165307,0.0025979807831288163
452,1.5205318549020434e+18,0.01864834934801268,0.002713673041972838
453,1.5205318549520425e+18,0.02004427571001483,0.0017394151878024082
454,1.5205318550020426e+18,0.021279910359777676,0.0018744209760062826
455,1.5205318550520435e+18,0.02228966306402028,0.0020925496132569252
456,1.5205318551020434e+18,0.02306225727762768,0.0024281639107956686
457,1.5205318551520435e+18,0.02361030612458312,0.0024439579829639954
458,1.5205318552020426e+18,0.024291087842786024,0.0025542917462846437
459,1.5205318552520425e+18,0.024070234566418304,0.0015572982407088946
460,1.5205318553020434e+18,0.024887328863036195,0.0019401016976262782
461,1.5205318553520435e+18,0.02587645066881432,0.001320180871619432
462,1.5205318554020434e+18,0.026166108600096438,0.0009226978207048026
463,1.5205318554520425e+18,0.026805725105240416,0.0007222751263116724
464,1.5205318555020426e+18,0.027730253569896123,0.0007990093195876353
465,1.5205318555520435e+18,0.028099812086604933,0.0010965115626154719
466,1.5205318556020434e+18,0.028021734708585228,0.0014149099772336516
467,1.5205318556520435e+18,0.028807040253358684,0.0019171782191907125
468,1.5205318557020426e+18,0.028273800868343423,0.0033063528258943033
469,1.5205318557520425e+18,0.028736005463563728,0.0034209304078262827
470,1.5205318558020434e+18,0.029705853540409177,0.003646049895680646
471,1.5205318558520435e+18,0.03001495080428114,0.004506344357400793
472,1.5205318559020434e+18,0.03083424009348084,0.004380103317617911
473,1.5205318559520425e+18,0.03244403059733229,0.0037031164126548424
474,1.5205318560020426e+18,0.032875673197274385,0.005230752924890879
475,1.5205318560520435e+18,0.03316139181645108,0.005822402184893835
476,1.5205321036103764e+18,0.03307123029746975,0.010258744169440528
477,1.5205321036603766e+18,0.03207516147662638,0.00951508131413749
478,1.5205321037103764e+18,0.03197168136311894,0.009326093338435225
479,1.5205321037603766e+18,0.031643112302165835,0.00920862202340887
480,1.5205321038103764e+18,0.030704619278487163,0.008841230856361574
481,1.5205321038603766e+18,0.03045345696771699,0.00852740227035705
482,1.5205321039103764e+18,0.029611925332195692,0.008961586753921242
483,1.5205321039603766e+18,0.029198415343343623,0.008908748717892427
484,1.5205321040103764e+18,0.028721585644886097,0.008531023761679767
485,1.5205321040603766e+18,0.028199566750963256,0.008176301367591841
486,1.5205321041103764e+18,0.028046889876903694,0.008520201986062743
487,1.5205321041603766e+18,0.026993297729566237,0.008173958877323834
488,1.5205321042103764e+18,0.027441916042542123,0.006854630987719148
489,1.5205321042603766e+18,0.02696710918599419,0.006885989027003844
490,1.5205321043103764e+18,0.02663573783070512,0.006940071329880919
491,1.5205321043603766e+18,0.026137811839472856,0.007220452769056035
492,1.5205321044103764e+18,0.026123371988617753,0.007749221780616169
493,1.5205321044603766e+18,0.024681134941764438,0.008844021084219665
494,1.5205321045103764e+18,0.0241807371127726,0.008962753878293022
495,1.5205321045603766e+18,0.0235737286001175,0.008883276276374611
496,1.5205321046103764e+18,0.023154514990650653,0.00897527289526758
497,1.5205321046603766e+18,0.022517634713666947,0.004578461751574779
498,1.5205321047103764e+18,0.02226712201233244,0.004503870817100983
499,1.5205321047603766e+18,0.02176604799546726,0.004589485360293218
500,1.5205321048103764e+18,0.021541045380291883,0.004326478357918581
501,1.5205321048603766e+18,0.021020487870296846,0.004109784466296671
502,1.5205321049103764e+18,0.020775384582056206,0.0042287881868009435
503,1.5205321049603766e+18,0.02103602656784737,0.004817446675423047
504,1.5205321050103764e+18,0.02067585460148276,0.005527830633612277
505,1.5205321050603766e+18,0.020410125870595503,0.006087618221380494
506,1.5205321051103764e+18,0.019967924007258466,0.007100527237231704
507,1.5205321051603766e+18,0.0196859627868854,0.005289384684703438
508,1.5205321052103764e+18,0.018596928778086955,0.005147023234491694
509,1.5205321052603766e+18,0.0178423092650374,0.005246061150165917
510,1.5205321053103764e+18,0.019044623574294386,0.00795845535905367
511,1.5205321053603766e+18,0.018727395964465973,0.008736257406432007
512,1.5205321054103764e+18,0.017048080542999167,0.0074121229839968356
513,1.5205321054603766e+18,0.016233543749172512,0.007455132497039058
514,1.5205321055103764e+18,0.015387503425761088,0.007437758351141163
515,1.5205321055603766e+18,0.015459810636525333,0.008479918544326781
516,1.5205321056103764e+18,0.015118172849685396,0.009014543395113159
517,1.5205321056603766e+18,0.014831606294933204,0.00962632761539627
518,1.5205321057103764e+18,0.014634184547610153,0.010183937247526698
519,1.5205321057603766e+18,0.014363538031373064,0.01065711846836284
520,1.5205321058103764e+18,0.01318248275931641,0.01101825473584072
521,1.5205321058603766e+18,0.01333956471926612,0.011643737412918952
522,1.5205321059103764e+18,0.013132253136685746,0.011919969844184322
523,1.5205321059603766e+18,0.012874698506393752,0.012118308811931997
524,1.5205321060103764e+18,0.013056798500954089,0.012654896226757811
525,1.5205321060603766e+18,0.012983472301686345,0.0138413390293404
526,1.5205321061103764e+18,0.012685881470612363,0.014253923607431234
527,1.5205321061603766e+18,0.012275639031513288,0.014287738503710193
528,1.5205321062103764e+18,0.011868215900270422,0.014402204727719081
529,1.5205321062603766e+18,0.012008850866210974,0.01532282334182261
530,1.5205321063103764e+18,0.01168093892036281,0.015384855669637154
531,1.5205321063603766e+18,0.011115081733987855,0.015329498762576164
532,1.5205321064103764e+18,0.011782569522485999,0.016675664196631263
533,1.5205321064603766e+18,0.01123777606419752,0.016560368209384942
534,1.5205321065103764e+18,0.010648647831149714,0.01649763433213625
535,1.5205321065603766e+18,0.01030292193035191,0.01602552226427579
536,1.5205321066103764e+18,0.012059416018555336,0.014897089844409314
537,1.5205321066603766e+18,0.011515361251719832,0.014251748136442274
538,1.5205321067103764e+18,0.010667063057103266,0.013604813232730236
539,1.5205321067603766e+18,0.011412157801205839,0.013500024927432441
540,1.5205321068103764e+18,0.011055303443108358,0.012659288949231143
541,1.5205321068603766e+18,0.011156961781120496,0.012213395561522119
542,1.5205321069103764e+18,0.01291383215630594,0.012227390580321656
543,1.5205321069603766e+18,0.0122547640163457,0.011687267099561773
544,1.5205321070103764e+18,0.01130025694980095,0.011625748747480538
545,1.5205321070603766e+18,0.012330498976366292,0.011663700856734403
546,1.5205321071103764e+18,0.011525270104608631,0.011285251051539652
547,1.5205321071603766e+18,0.010893522991057543,0.011078453366400617
548,1.5205321072103764e+18,0.010446573083872927,0.01113967554068086
549,1.5205321072603766e+18,0.010114018472378366,0.010692163078882244
550,1.5205321073103764e+18,0.010029475431850187,0.01100785249066042
551,1.5205321073603766e+18,0.009913784079427748,0.011022200022210478
552,1.5205321074103764e+18,0.009860892111358589,0.0029105270424961273
553,1.5205321074603766e+18,0.009118262239778093,0.0029090176206168043
554,1.5205321075103764e+18,0.009599256574467878,0.004142422998088281
555,1.5205321075603766e+18,0.00872728363284335,0.004952246847862468
556,1.5205321076103764e+18,0.008526418827968826,0.005687192603953048
557,1.5205321076603766e+18,0.008434229722409356,0.006501991717585625
558,1.5205321077103764e+18,0.007368820445530332,0.0065001998802378036
559,1.5205321077603766e+18,0.0071989579511966256,0.006991237478232692
560,1.5205321078103764e+18,0.006487230273382143,0.007006594894679731
561,1.5205321078603766e+18,0.006420671014767765,0.007328873029937146
562,1.5205321079103764e+18,0.004775296426935334,0.006395474200761966
563,1.5205321079603766e+18,0.004598613147696923,0.006460226594900654
564,1.5205321080103764e+18,0.00461995025086954,0.006410390726344078
565,1.5205321080603766e+18,0.003941445834594179,0.006589147422611636
566,1.5205321081103764e+18,0.004285733727564591,0.006926565048702162
567,1.5205321081603766e+18,0.004610761725536856,0.007147426193285042
568,1.5205321082103764e+18,0.005264455247523115,0.007362223341502103
569,1.5205321082603766e+18,0.006096235976098551,0.007232600376309339
570,1.5205321083103764e+18,0.007026361728452727,0.007719685262087015
571,1.5205321083603766e+18,0.007283832760113206,0.007583498277186913
572,1.5205321084103764e+18,0.008824053276035183,0.008720102373478875
573,1.5205321084603766e+18,0.009643315183432817,0.008828481740730398
574,1.5205321085103764e+18,0.009869691858001774,0.008575982263466274
575,1.5205321085603766e+18,0.010840914596220483,0.008905232460719083
576,1.5205321086103764e+18,0.010836315592656217,0.007979243465778085
577,1.5205321086603766e+18,0.010729753328365918,0.007661738864582885
578,1.5205321087103764e+18,0.013037298771268541,0.010089836439701303
579,1.5205321087603766e+18,0.012008368093454659,0.008893278749565168
580,1.5205321088103764e+18,0.010940488573063786,0.0070133707572190215
581,1.5205321088603766e+18,0.009599276237647461,0.0050428890085876385
582,1.5205321089103764e+18,0.008912889312603173,0.003709767239240006
583,1.5205321089603766e+18,0.007943776713179416,0.0037744775973625644
584,1.5205321090103764e+18,0.007539835072553001,0.0043363056692645304
585,1.5205321090603766e+18,0.010819318131760012,0.006548604657596044
586,1.5205321091103764e+18,0.009773673258928023,0.005998203671695616
587,1.5205321091603766e+18,0.008745197086827314,0.005268376099815949
588,1.5205321092103764e+18,0.005921019547245264,0.005262127214085809
589,1.5205321092603766e+18,0.005526362487173706,0.006705497758675783
590,1.5205321093103764e+18,0.00534564192509426,0.007739249338747858
591,1.5205321093603766e+18,0.005321674328916632,0.00843789942797036
592,1.5205321094103764e+18,0.00530323625432336,0.007902589485095285
593,1.5205321094603766e+18,0.006053914691997591,0.004927848493303219
594,1.5205321095103764e+18,0.0066668359586805215,0.0073543472259333985
595,1.5205321095603766e+18,0.008049406690416362,0.0053070526635468395
596,1.5205321096103764e+18,0.007133251757559083,0.0023981710640886417
597,1.5205321096603766e+18,0.009700831109353263,0.002089679162810619
598,1.5205321097103764e+18,0.012025904733425245,0.004345519557947879
599,1.5205321097603766e+18,0.009936611940892466,0.002220881610516063
600,1.5205321098103764e+18,0.011842876246747734,0.003918128061536396
601,1.5205321098603766e+18,0.013558794612243654,0.005652583246529846
602,1.5205321099103764e+18,0.015692131461664562,0.007796297923069858
603,1.5205321099603766e+18,0.01683415939980503,0.008899332377805564
604,1.5205321100103764e+18,0.014768979078912042,0.0070311036051610805
605,1.5205321100603766e+18,0.015056629358672916,0.007538404543444488
606,1.5205321101103764e+18,0.014952249359936507,0.007776552383576628
607,1.5205321101603766e+18,0.015528433840333119,0.008676888752757786
608,1.5205321102103764e+18,0.014796201238461959,0.008447385201171734
609,1.5205321102603766e+18,0.010221020312025703,0.007120215319512385
610,1.5205321103103764e+18,0.008398225915774504,0.006785576647375725
611,1.5205321103603766e+18,0.006593145982155883,0.006831153217398868
612,1.5205321104103764e+18,0.0052797992389724425,0.0075055321672728844
613,1.5205321104603766e+18,0.0036442586662024166,0.007860847195428466
614,1.5205321105103764e+18,0.0025436608320025494,0.007969693973188191
615,1.5205321105603766e+18,0.001587484631861751,0.00808459082695673
616,1.5205321106103764e+18,0.0010164793054637516,0.007052690350440735
617,1.5205321106603766e+18,0.0018619756731022893,0.006422684784778418
618,1.5205321107103764e+18,0.005904162734720823,0.0012781964678991492
619,1.5205321107603766e+18,0.002290861230342584,0.004626269034165103
620,1.5205321108103764e+18,0.00281857630670046,0.0036633950932012695
621,1.5205321108603766e+18,0.0037879515522152678,0.0024581905887754475
622,1.5205321109103764e+18,0.002391946866546239,0.0037982104463612325
623,1.5205321109603766e+18,0.002912411674493216,0.003464239425517262
624,1.5205321110103764e+18,0.003190907579602067,0.003477792247078821
625,1.5205321110603766e+18,0.003973116607178379,0.002689006154925025
626,1.5205321111103764e+18,0.002329475724223004,0.0037427177280661967
627,1.5205321111603766e+18,0.002490754249233023,0.003496841929229825
628,1.5205321112103764e+18,0.0023049080214873514,0.003772318496157393
629,1.5205321112603766e+18,0.0031561541233067507,0.003103386499734438
630,1.5205321113103764e+18,0.002981550682126947,0.003581465143376817
631,1.5205321113603766e+18,0.0033169023162092403,0.003632549476122821
632,1.5205321114103764e+18,0.011083856392083105,0.005300528074402435
633,1.5205321114603766e+18,0.012485425784992005,0.006516076631084626
634,1.5205321115103764e+18,0.012367098465816562,0.00647739382695467
635,1.5205321115603766e+18,0.012407108266072229,0.006657258430620926
636,1.5205321116103764e+18,0.005798137498390389,0.006662965256790289
637,1.5205321116603766e+18,0.005617704495809727,0.006691385257349375
638,1.5205321117103764e+18,0.005472171734377727,0.006664867459236843
639,1.5205321117603766e+18,0.006969961816991458,0.0064074964684760725
640,1.5205321118103764e+18,0.007704438375341526,0.00647505566803815
641,1.5205321118603766e+18,0.007836888608874281,0.006577556529224553
642,1.5205321119103764e+18,0.0083322093775637,0.006696729966068509
643,1.5205321119603766e+18,0.008294354200748956,0.006251507631380579
644,1.5205321120103764e+18,0.008647030990541012,0.0051825050201086
645,1.5205321120603766e+18,0.007812722402485142,0.004481389426663506
646,1.5205321121103764e+18,0.007183494170498124,0.0033043010357764356
647,1.5205321121603766e+18,0.005916637554617554,0.0023079345360522896
648,1.5205321122103764e+18,0.005119905966323054,0.0013959795951895846
649,1.5205321122603766e+18,0.0043497334552185,0.00099090998170315
650,1.5205321123103764e+18,0.005911077909764129,0.002020436629782426
651,1.5205321123603766e+18,0.005217384784777568,0.0017367309011172543
652,1.5205321124103764e+18,0.004774424651038364,0.0015274354360064989
653,1.5205321124603766e+18,0.00358525892524473,0.0021688054024902076
654,1.5205321125103764e+18,0.00287458046145339,0.002595210493396365
655,1.5205321125603766e+18,0.0023870576642101935,0.002967598043415043
656,1.5205321126103764e+18,0.002249971634171387,0.003006566829537451
657,1.5205321126603766e+18,0.0058423537964265,0.0047142328635042165
658,1.5205321127103764e+18,0.005747089769470042,0.004702089802246736
659,1.5205321127603766e+18,0.005909010585411365,0.004398796118676289
660,1.5205321128103764e+18,0.006459582085855885,0.005029986880551401
661,1.5205321128603766e+18,0.006459944018235275,0.005285496525818509
662,1.5205321129103764e+18,0.006072464270501989,0.005451814415132026
663,1.5205321129603766e+18,0.0067516255068618925,0.006627819745668682
664,1.5205321130103764e+18,0.006953730653061616,0.007397108085411826
665,1.5205321130603766e+18,0.007093648420825224,0.008392867350490798
666,1.5205321131103764e+18,0.007770665856918016,0.009304161465467095
667,1.5205321131603766e+18,0.0076680334793276335,0.010283989251952669
668,1.5205321132103764e+18,0.0075613251952019525,0.009031518452714861
669,1.5205321132603766e+18,0.007955703627679913,0.00976943778123528
670,1.5205321133103764e+18,0.00832650593626781,0.010290808427363364
671,1.5205321133603766e+18,0.011150757384392756,0.013243143948712276
672,1.5205321134103764e+18,0.012240843342270932,0.014471586499622522
673,1.5205321134603766e+18,0.012716509490261046,0.014892677295858824
674,1.5205321135103764e+18,0.011920738590468603,0.014000489101887502
675,1.5205321135603766e+18,0.010909873195813347,0.012648947683269221
676,1.5205321136103764e+18,0.009138955763826125,0.010093082858316104
677,1.5205321136603766e+18,0.009825233020399532,0.010225080389811294
678,1.5205321137103764e+18,0.010925573363403728,0.013055348060763057
679,1.5205321137603766e+18,0.008745091318644127,0.010428131445714394
680,1.5205321138103764e+18,0.006607349646859601,0.00784883033106102
681,1.5205321138603766e+18,0.008119812755880687,0.0076925275053491855
682,1.5205321139103764e+18,0.012999960401364506,0.009417813652060495
683,1.5205321139603766e+18,0.014888300583088385,0.011096982219969562
684,1.5205321140103764e+18,0.015900599790805055,0.01198424469204655
685,1.5205321140603766e+18,0.015503482949175595,0.01150699671932198
686,1.5205321141103764e+18,0.008670875118447385,0.0057489469753341845
687,1.5205321141603766e+18,0.008289429675103174,0.005854235929321294
688,1.5205321142103764e+18,0.008156149670047397,0.006779814963655352
689,1.5205321142603766e+18,0.010293603480363706,0.00767782190350207
690,1.5205321143103764e+18,0.008933161104603004,0.007098417060268957
691,1.5205321143603766e+18,0.00811659636427641,0.007644730382006828
692,1.5205321144103764e+18,0.009268696356237172,0.007337629174188064
693,1.5205321144603766e+18,0.010433894394111104,0.009503757677528013
694,1.5205321144937096e+18,0.011580256006491596,0.01014735066570027
695,1.5205321145603766e+18,0.012786585041518977,0.012751794698601486
696,1.5205321146103764e+18,0.014000411733608314,0.014369586451436094
697,1.5205321146603766e+18,0.014817509677128972,0.015470381833243826
698,1.5205321147103764e+18,0.015618147013181425,0.01640809603216051
699,1.5205321147603766e+18,0.008242205446999369,0.00794948670075714
700,1.5205321148103764e+18,0.007890921383657545,0.00716907937910614
701,1.5205321148603766e+18,0.007369907450702515,0.006394181286078498
702,1.5205321149103764e+18,0.009846847625747036,0.009242976043084973
703,1.5205321149603766e+18,0.009804200493528313,0.00882491290802337
704,1.5205321150103764e+18,0.009685040412096627,0.008339733781397395
705,1.5205321150603766e+18,0.009061608144104326,0.007415434408287802
706,1.5205321151103764e+18,0.00822105561886841,0.006039495999102504
707,1.5205321151603766e+18,0.007553555188659674,0.004353841237454859
708,1.5205321152103764e+18,0.007221409540258565,0.0032109092902785465
709,1.5205321152603766e+18,0.007699705001753158,0.004021979320015983
710,1.5205321153103764e+18,0.007448870128352466,0.0032974787824228908
711,1.5205321153603766e+18,0.007926345314545115,0.0032947233411060903
712,1.5205321154103764e+18,0.009663050677626097,0.004158271238697561
713,1.5205321154603766e+18,0.010667860241926598,0.0046272461080895866
714,1.5205321155103764e+18,0.011997961717486802,0.005509719514609071
715,1.5205321155603766e+18,0.010759990067239062,0.00656458914485168
716,1.5205321156103764e+18,0.01071794493136744,0.00672106230227663
717,1.5205321156603766e+18,0.011148605548280696,0.007473831832415371
718,1.5205321157103764e+18,0.013347071575604878,0.00827393263765879
719,1.5205321157603766e+18,0.01374784945616828,0.0091723195459998
720,1.5205321158103764e+18,0.013651878064013166,0.009485129375916102
721,1.5205321158603766e+18,0.010847783985446079,0.007860577756864736
722,1.5205321159103764e+18,0.009687869043857088,0.007542513970342472
723,1.5205321159603766e+18,0.010954242711583774,0.008887495973311019
724,1.5205321160103764e+18,0.008860889439056342,0.008004590255951342
725,1.5205321160603766e+18,0.0071323104405147855,0.006975309886715334
726,1.5205321161103764e+18,0.007639016486264621,0.0053808911099011425
727,1.5205321161603766e+18,0.006542748092825424,0.003870039534322564
728,1.5205321162103764e+18,0.00640297016810902,0.002087976278812686
729,1.5205321162603766e+18,0.008504795334468334,0.0033771645416522085
730,1.5205321163103764e+18,0.009177065764514469,0.004509943430412638
731,1.5205321163603766e+18,0.01004978547119194,0.0049382834966622
732,1.5205321164103764e+18,0.009881478192264162,0.005429479466840415
733,1.5205321164603766e+18,0.010600408276643587,0.0064891406234800705
734,1.5205321165103764e+18,0.011482261023516162,0.006324429966685225
735,1.5205321165603766e+18,0.01273571538955746,0.006922768093864737
736,1.5205321166103764e+18,0.013570216279782677,0.007275838748144098
737,1.5205321166603766e+18,0.015709705517801247,0.009626885959977337
738,1.5205321167103764e+18,0.01699678129490753,0.010953760951768017
739,1.5205321167603766e+18,0.016377741052879133,0.009706160091940023
740,1.5205321168103764e+18,0.016692617904294563,0.010093916511403005
741,1.5205321168603766e+18,0.01665229983513966,0.010529929713113262
742,1.5205321169103764e+18,0.018985460621376373,0.01298818991761203
743,1.5205321169603766e+18,0.018587627088892583,0.013114749802785482
744,1.5205321170103764e+18,0.01817614037089146,0.01309621454541336
745,1.5205321170603766e+18,0.017548706053707907,0.012830964954637937
746,1.5205321171103764e+18,0.01644509699198904,0.012042711811830243
747,1.5205321171603766e+18,0.015170880658351184,0.010883546793471999
748,1.5205321172103764e+18,0.016307932694524678,0.012591481822889838
749,1.5205321172603766e+18,0.014824556316110451,0.011068499049523827
750,1.5205321173103764e+18,0.013878518243209138,0.009802116374754772
751,1.5205321173603766e+18,0.013424297201929667,0.008963999019816595
752,1.5205321174103764e+18,0.01196787990450127,0.006863363344997224
753,1.5205321174603766e+18,0.011615734281004196,0.006330876095277674
754,1.5205321175103764e+18,0.008074284152557395,0.004308796894076811
755,1.5205321175603766e+18,0.009795735547284853,0.0047132471957627015
756,1.5205321176103764e+18,0.011045400910161792,0.006094703625729196
757,1.5205321176603766e+18,0.012609320431142941,0.00806370386375544
758,1.5205321177103764e+18,0.013182796104354752,0.008980716360018666
759,1.5205321177603766e+18,0.013048094292250676,0.009052904021868756
760,1.5205321178103764e+18,0.014287553258404256,0.011083253979116504
761,1.5205321178603766e+18,0.01531181582674914,0.01288032431970413
762,1.5205321179103764e+18,0.017020777427800053,0.011201633942286609
763,1.5205321179603766e+18,0.017524290298175222,0.01256952576307708
764,1.5205321180103764e+18,0.01822400634657324,0.014442665509072654
765,1.5205321180603766e+18,0.018145735504047987,0.013995989014152837
766,1.5205321181103764e+18,0.018324289499813056,0.01590898947213692
767,1.5205321181603766e+18,0.017929016613551063,0.016896046514794497
768,1.5205321182103764e+18,0.01774475771919649,0.014748467830769024
769,1.5205321182603766e+18,0.01668443086551025,0.015134989388015501
770,1.5205321183103764e+18,0.015024281829034179,0.01491787993919456
771,1.5205321183603766e+18,0.01963871196183261,0.0148181147189115
772,1.5205321184103764e+18,0.016840065414043717,0.013086511526219953
773,1.5205321184603766e+18,0.014262671820386954,0.011572721115532977
774,1.5205321185103764e+18,0.01098540432195909,0.010015396921217374
775,1.5205321185603766e+18,0.009374808072735339,0.009054691682134628
776,1.5205321186103764e+18,0.01736460801149204,0.022282430193571255
777,1.5205321186603766e+18,0.01001645773794089,0.006943214460649203
778,1.5205321187103764e+18,0.01025293730886222,0.006862547717117402
779,1.5205321187603766e+18,0.011515607665108375,0.008528967767402742
780,1.5205321188103764e+18,0.008479495585376268,0.005068985471331546
781,1.5205321188603766e+18,0.00894333803385204,0.005677980628783868
782,1.5205321189103764e+18,0.01356971843165656,0.011842205351528608
783,1.5205321189603766e+18,0.013597593988756857,0.011075584423284386
784,1.5205321190103764e+18,0.019148480721803498,0.015865083065925583
785,1.5205321190603766e+18,0.01551929411883251,0.011883051581051051
786,1.5205321191103764e+18,0.010807032219193142,0.005666637793385918
787,1.5205321191603766e+18,0.010835269469448577,0.005761119359528455
788,1.5205321192103764e+18,0.009863745578074068,0.004963768076307558
789,1.5205321192603766e+18,0.013222742495067307,0.009266348341258756
790,1.5205321193103764e+18,0.012483629134799067,0.006431845792379552
791,1.5205321193603766e+18,0.012270184024077549,0.006801151066737225
792,1.5205321194103764e+18,0.011785720267732698,0.006859365226108817
793,1.5205321194603766e+18,0.011713576412647893,0.008873098369039174
794,1.5205321195103764e+18,0.013613250373325603,0.004602700723464567
795,1.5205321195603766e+18,0.012891388986242047,0.004356848095984277
796,1.5205321196103764e+18,0.012709453080445141,0.0037187178602847803
797,1.5205321196603766e+18,0.011669589377614264,0.005430622826038188
798,1.5205321197103764e+18,0.013422333045550251,0.004157089675304033
799,1.5205321197603766e+18,0.012782570731687124,0.003962532835291302
800,1.5205321198103764e+18,0.012426802137759325,0.003947318241711746
801,1.5205321198603766e+18,0.012168010950937553,0.005370714601674143
802,1.5205321199103764e+18,0.011628352640595354,0.005798900658941546
803,1.5205321199603766e+18,0.011593723728988077,0.006241050677395792
804,1.5205321200103764e+18,0.012332872539701731,0.004235235433441259
805,1.5205321200603766e+18,0.012509040592738685,0.0033127287700091194
806,1.5205321201103764e+18,0.013040858932270704,0.002697003098958146
807,1.5205321201603766e+18,0.011450422149989327,0.003661859240118683
808,1.5205321202103764e+18,0.011400094166081499,0.004070624477945368
809,1.5205321202603766e+18,0.011651954865269697,0.003436680398046766
810,1.5205321203103764e+18,0.012131131549218778,0.0032307207201594437
811,1.5205321203603766e+18,0.012448343354265427,0.002931342399192229
812,1.5205321204103764e+18,0.012956047791479198,0.00356962043474637
813,1.5205321204603766e+18,0.013303751496714155,0.003875994633455428
814,1.5205321205103764e+18,0.01377188493659325,0.003963717610557483
815,1.5205321205603766e+18,0.012721819667076792,0.0040687233559211335
816,1.5205321206103764e+18,0.013214843118507449,0.003460524554586944
817,1.5205321206603766e+18,0.01375338852325021,0.003267605773545613
818,1.5205321207103764e+18,0.014443666128705512,0.004106843387787737
819,1.5205321207603766e+18,0.014994929753316814,0.004635232141628421
820,1.5205321208103764e+18,0.015397085693554618,0.005233843414513193
821,1.5205321208603766e+18,0.015452030068333459,0.005677374290142356
822,1.5205321209103764e+18,0.015661952941500065,0.006379950615108238
823,1.5205321209603766e+18,0.014240781169726107,0.007604091190757294
824,1.5205321210103764e+18,0.013372186417359034,0.007114989821143191
825,1.5205321210603766e+18,0.013042890260231779,0.006767706821599037
826,1.5205321211103764e+18,0.015104752796828737,0.009863022889979216
827,1.5205321211603766e+18,0.014956403310423468,0.010323746228019992
828,1.5205321212103764e+18,0.012706438881937216,0.008567560852557441
829,1.5205321212603766e+18,0.012269341932667571,0.008657369476201585
830,1.5205321213103764e+18,0.011273263485410521,0.007756025437638794
831,1.5205321213603766e+18,0.01360343792510645,0.013166577703259411
832,1.5205321214103764e+18,0.013242232104927695,0.01323378244116617
833,1.5205321214603766e+18,0.01216108479742432,0.012909347586932171
834,1.5205321215103764e+18,0.01210183199605219,0.013731486319219792
835,1.5205321215603766e+18,0.011524842760460587,0.013595457551155108
836,1.5205321216103764e+18,0.010640980527893192,0.012902210710076613
837,1.5205321216603766e+18,0.009975696266750024,0.013038814712968527
838,1.5205321217103764e+18,0.009920307034583483,0.012283955068940916
839,1.5205321217603766e+18,0.009783529987025117,0.011783918403209265
840,1.5205321218103764e+18,0.012352090035824098,0.01653153589438348
841,1.5205321218603766e+18,0.011512282143181157,0.01566683176893086
842,1.5205321219103764e+18,0.011289559507195129,0.014775512074169474
843,1.5205321219603766e+18,0.011565903563137234,0.015156424105469291
844,1.5205321220103764e+18,0.011116919737857436,0.013988742255227522
845,1.5205321220603766e+18,0.010405617216781845,0.012290702814419232
846,1.5205321221103764e+18,0.009937972158880332,0.010742521984402346
847,1.5205321221603766e+18,0.01081011804931864,0.013079918986594748
848,1.5205321222103764e+18,0.010180165877375547,0.012825177458881705
849,1.5205321222603766e+18,0.009584849370607646,0.011460657128186471
850,1.5205321223103764e+18,0.00950306143162258,0.009878631816721363
851,1.5205321223603766e+18,0.009170132882799834,0.0086791871923519
852,1.5205321224103764e+18,0.009039530162951434,0.007476878146718801
853,1.5205321224603766e+18,0.009268649415101771,0.00893552858717877
854,1.5205321225103764e+18,0.009285560313801853,0.008149625373477498
855,1.5205321225603766e+18,0.009383102531758612,0.007526381392870928
856,1.5205321226103764e+18,0.008566987949061253,0.004855846184053387
857,1.5205321226603766e+18,0.007790894701026785,0.004360995496714789
858,1.5205321227103764e+18,0.007664711217188902,0.0038468573054707736
859,1.5205321227603766e+18,0.00786440837058994,0.003003561734335833
860,1.5205321228103764e+18,0.007016564691802477,0.00343250042094479
861,1.5205321228603766e+18,0.006693313676014804,0.0038861564382228235
862,1.5205321229103764e+18,0.006674636164331917,0.004605285111986437
863,1.5205321229603766e+18,0.00847878465216082,0.0038818433240384027
864,1.5205321230103764e+18,0.0058860285517184805,0.004567094396229705
865,1.5205321230603766e+18,0.006110928892032964,0.005148058012457174
866,1.5205321231103764e+18,0.006139617777774213,0.00503835162874314
867,1.5205321231603766e+18,0.005629462113428853,0.0053631437759973175
868,1.5205321232103764e+18,0.005813580260320421,0.005576885603892771
869,1.5205321232603766e+18,0.0058916491645515795,0.005506726275450255
870,1.5205321233103764e+18,0.006581363799847991,0.00558335062301224
871,1.5205321233603766e+18,0.006535621423741669,0.005410947103487795
872,1.5205321234103764e+18,0.00676270142664726,0.00468768298119418
873,1.5205321234603766e+18,0.006856873143885682,0.0034805072092932185
874,1.5205321235103764e+18,0.008586681705258581,0.004615963712270541
875,1.5205321235603766e+18,0.009164386596727952,0.004045133183860206
876,1.5205321236103764e+18,0.00951082214839526,0.005202820840019818
877,1.5205321236603766e+18,0.00975510643461933,0.004672352476086908
878,1.5205321237103764e+18,0.009586723065210514,0.003432602547543201
879,1.5205321237603766e+18,0.010724963997709575,0.003748721367380146
880,1.5205321238103764e+18,0.010651683165880945,0.003151539638707834
881,1.5205321238603766e+18,0.010667582685046605,0.0029926650452035326
882,1.5205321239103764e+18,0.010611978525356662,0.0032319816850178494
883,1.5205321239603766e+18,0.010684791535036542,0.0036720023248682475
884,1.5205321240103764e+18,0.010564023888965353,0.0036015954260199237
885,1.5205321240603766e+18,0.010351160808794644,0.003439743471779936
886,1.5205321241103764e+18,0.011902836195453745,0.0032478415130502013
887,1.5205321241603766e+18,0.0118694075887102,0.003179536373404772
888,1.5205321242103764e+18,0.011814230223698688,0.003353270935362419
889,1.5205321242603766e+18,0.011870160275011452,0.004092384838011867
890,1.5205321243103764e+18,0.011578108073395892,0.004329856303688211
891,1.5205321243603766e+18,0.011070855407441888,0.004174066036752453
892,1.5205321244103764e+18,0.011862311525142279,0.004472074590282431
893,1.5205321244603766e+18,0.0117939632622909,0.004567500428383379
894,1.5205321245103764e+18,0.011708714690792817,0.004527787349760354
895,1.5205321245603766e+18,0.011387944220045946,0.004921313502439044
896,1.5205321246103764e+18,0.011181973814922157,0.004985758765042136
897,1.5205321246603766e+18,0.011090011907125795,0.004985551589553468
898,1.5205321247103764e+18,0.010962361872786649,0.0049580774281495895
899,1.5205321247603766e+18,0.011095043496231511,0.005083614443769557
900,1.5205321248103764e+18,0.011038189835487187,0.00505012266609257
901,1.5205321248603766e+18,0.011066354230476373,0.00499992660312875
902,1.5205321249103764e+18,0.01178955564534732,0.006250508820113501
903,1.5205321249603766e+18,0.011720422819592517,0.0061390175297602115
904,1.5205321250103764e+18,0.011549091287971054,0.006039805451327607
905,1.5205321250603766e+18,0.011257689197258046,0.005591337944069893
906,1.5205321251103764e+18,0.01109743451272791,0.005391979906665863
907,1.5205321251603766e+18,0.011439070865526552,0.005696264612823659
908,1.5205321252103764e+18,0.011004972821998974,0.005343941837944197
909,1.5205321252603766e+18,0.010214281562800288,0.004723053376851531
910,1.5205321253103764e+18,0.009859753081574118,0.004571246488978232
911,1.5205321253603766e+18,0.009791237291003544,0.00463350670446925
912,1.5205321254103764e+18,0.010630944170524896,0.00543477235619041
913,1.5205321254603766e+18,0.010717999508605922,0.00575424357061156
914,1.5205321255103764e+18,0.010305931249007291,0.005379822496907222
915,1.5205321255603766e+18,0.010891310550204845,0.005611078890006509
916,1.5205321256103764e+18,0.010533683377177205,0.005224419953842973
917,1.5205321256603766e+18,0.010455101116885229,0.005089081012075796
918,1.5205321257103764e+18,0.010244791016570777,0.004875301952240012
919,1.5205321257603766e+18,0.010355409728840513,0.004917799257437322
920,1.5205321258103764e+18,0.010617240537177322,0.0051985005242239125
921,1.5205321258603766e+18,0.009951833946947012,0.004719887340330575
922,1.5205321259103764e+18,0.009696837888277708,0.004390894488946798
923,1.5205321259603766e+18,0.010157514676271713,0.004667053198021247
924,1.5205321260103764e+18,0.010150770160522607,0.004775877111834529
925,1.5205321260603766e+18,0.010133676274565847,0.004783113727010518
926,1.5205321261103764e+18,0.011062934875528577,0.005712499297036565
927,1.5205321261603766e+18,0.010797335998979352,0.005542397605227994
928,1.5205321262103764e+18,0.0107422383617181,0.0055376436466450405
929,1.5205321262603766e+18,0.01088138506440578,0.005612130414315064
930,1.5205321263103764e+18,0.010605622751139542,0.005313245698536977
931,1.5205321263603766e+18,0.010616353737359984,0.005200672549383235
932,1.5205321264103764e+18,0.010413782188725924,0.004905972292667651
933,1.5205321264603766e+18,0.009825486423818593,0.00454794479160813
934,1.5205321265103764e+18,0.010293334251207523,0.004923328377173741
935,1.5205321265603766e+18,0.00977121268202767,0.004385464871872925
936,1.5205321266103764e+18,0.009577258224193768,0.004554795788013161
937,1.5205321266603766e+18,0.009684317292889575,0.004598496867543687
938,1.5205321267103764e+18,0.009526632368103178,0.004594130963228535
939,1.5205321267603766e+18,0.00951947083037543,0.004501868664293359
940,1.5205321268103764e+18,0.009616283040351148,0.004600928240695702
941,1.5205321268603766e+18,0.009575037730715488,0.00447041112172341
942,1.5205321269103764e+18,0.00964184847156616,0.004495989844183792
943,1.5205321269603766e+18,0.009524827597358483,0.0044219381245050714
944,1.5205321270103764e+18,0.009888860742902662,0.004646135562365091
945,1.5205321270603766e+18,0.01013674797191678,0.004875548642375767
946,1.5205321271103764e+18,0.0090355491531447,0.00405461846721237
947,1.5205321271603766e+18,0.00932963174330477,0.004374646725111799
948,1.5205321272103764e+18,0.009447824292383111,0.004630448418277372
949,1.5205321272603766e+18,0.009145611738749166,0.004685981637916706
950,1.5205321273103764e+18,0.00918918758050267,0.004552840580169106
951,1.5205321273603766e+18,0.008997535937356133,0.004030398602170337
952,1.5205321274103764e+18,0.009161135461871993,0.004110590125421762
953,1.5205321274603766e+18,0.008695356954195455,0.0037361837093634713
954,1.5205321275103764e+18,0.009028702307097757,0.0043148637475392574
955,1.5205321275603766e+18,0.00914038994073113,0.004612533746297342
956,1.5205321276103764e+18,0.00909834944840787,0.004599502942710573
957,1.5205321276603766e+18,0.008948180553646861,0.00443564251691168
958,1.5205321277103764e+18,0.009141174230747074,0.004450620596370469
959,1.5205321277603766e+18,0.008524733588653547,0.003992506705979733
960,1.5205321278103764e+18,0.00839639073441858,0.003814855967587635
961,1.5205321278603766e+18,0.009018975750224794,0.004471886678826618
962,1.5205321279103764e+18,0.008797741820391036,0.004120990920293507
963,1.5205321279603766e+18,0.00850425251912497,0.0038250955741909553
964,1.5205321280103764e+18,0.00915512152033858,0.004836652712735394
965,1.5205321280603766e+18,0.009950441297918338,0.006017364473540435
966,1.5205321281103764e+18,0.009923561426023011,0.005971246457673521
967,1.5205321281603766e+18,0.009686582522535065,0.005632455991010457
968,1.5205321282103764e+18,0.009183094008198226,0.004670497563347474
969,1.5205321282603766e+18,0.009515513571068905,0.005394200901224042
970,1.5205321283103764e+18,0.009091747483790968,0.004752927877325725
971,1.5205321283603766e+18,0.009079942090677251,0.0050942575687447965
972,1.5205321284103764e+18,0.008610588547245833,0.004682436830840659
973,1.5205321284603766e+18,0.008203665569922804,0.004278048866651387
974,1.5205321285103764e+18,0.00895933201494577,0.0052869428521315955
975,1.5205321285603766e+18,0.008924260262174459,0.005309507095315917
976,1.5205321286103764e+18,0.008795174754960467,0.005209724566697668
977,1.5205321286603766e+18,0.00861353260264307,0.004910937516732092
978,1.5205321287103764e+18,0.008400541204358214,0.004580906634774808
